term,label,definition
http://purl.obolibrary.org/obo/PLANA_0000227,germ cell,1. A gamete (as an egg or sperm cell) or one of its antecedent cells. 2. A mature male or female germ cell usually possessing a haploid chromosome set and capable of initiating formation of a new diploid individual by fusion with a gamete of the opposite sex.
http://purl.obolibrary.org/obo/PLANA_0000206,penis papilla,"A rounded protuberance, connected to the seminal vesicles, responsible for transferring semen into a mating partner's bursal canal."
http://purl.obolibrary.org/obo/PLANA_0000222,spermatid,"A male germ cell that develops from the haploid secondary spermatocytes. Without further division, spermatids undergo structural changes and give rise to spermatozoa."
http://purl.obolibrary.org/obo/PLANA_0000137,regeneration,"The regrowth of a lost or destroyed body part, such as an organ or tissue. This process may occur via renewal, repair, and/or growth alone (i.e. increase in size or mass)."
http://purl.obolibrary.org/obo/PLANA_0000201,bursal canal,"The passageway connecting the gonopore to the bursa (genital atrium). Part of the copulatory apparatus. During mating, sperm from a partner is deposited into the bursal canal, where it collects in the bursa before travelling up the oviducts to the bursa.  Egg capsules pass through the bursal canal as they are laid through the gonopore."
http://purl.obolibrary.org/obo/PLANA_0000116,embryo,"Anatomical entity that comprises the organism in the early stages of growth and differentiation that are characterized by cleavage, the laying down of fundamental tissues, and the formation of primitive organs and organ systems. For example, for mammals, the process would begin with zygote formation and end with birth. For insects, the process would begin at zygote formation and end with larval hatching. For plant zygotic embryos, this would be from zygote formation to the end of seed dormancy. For plant vegetative embryos, this would be from the initial determination of the cell or group of cells to form an embryo until the point when the embryo becomes independent of the parent plant."
http://purl.obolibrary.org/obo/PLANA_0000089,secondary gut branch,"Gut branches, originating from and connected to the primary gut branches, that extend laterally towards the body edge."
http://purl.obolibrary.org/obo/PLANA_0000068,embryonic gut cavity,"Lumen of embryonic digestive tract, prior to formation of the branched defintive gut."
http://purl.obolibrary.org/obo/PLANA_0000132,gametogenesis,The production of haploid germ cells from diploid precursor cells through meiosis.
http://purl.obolibrary.org/obo/PLANA_0000047,collecting duct,"Non-ciliated tubules associated with the distal tubules, which cross the basement membrane and terminate in the dorsal epidermis."
http://purl.obolibrary.org/obo/PLANA_0007539,anchor cell,Specialized epithelial cell located along the dorsoventral margin that surrounds the viscid and releasing gland cells.
http://purl.obolibrary.org/obo/PLANA_0000111,proximal tubule epithelial cell,Ciliated epithelial cells that assemble into proximal tubules.
http://purl.obolibrary.org/obo/PLANA_0000509,intracellular part,"Any constituent part of the living contents of a cell; the matter contained within (but not including) the plasma membrane, usually taken to exclude large vacuoles and masses of secretory or ingested material. In eukaryotes it includes the nucleus and cytoplasm."
http://purl.obolibrary.org/obo/PLANA_0000026,definitive gut,"The planarian triclad gut contains a central anterior gut branch connected to two posterior gut branches arranged around the definitive pharynx. Secondary gut branches extend laterally from the primary gut branches, while tertiary gut branches extend from the secondary branches. Food and waste enter and exit the definitive gut through the defintive pharynx."
http://purl.obolibrary.org/obo/PLANA_0007518,lysosome,"The digestive component of the cell. They are homogenous, dense, membrane bound organelles filled with acid hydrolases which break down polymers."
http://purl.obolibrary.org/obo/PLANA_0000084,posterior primary gut branch,The primary gut branches of the triclad gut lateral and posterior to the pharynx and pharyngeal pouch.
http://purl.obolibrary.org/obo/PLANA_0000005,Stage 5,D5-D7. Organogenesis onset. Downregulation of early embryo enriched transcripts and birth of adult lineages within the blastomere population. Early embryonic gut formation continues. Yolk ingestion into the gut cavity. Days 5-7 post-egg capsule deposition at 20˚C.
http://purl.obolibrary.org/obo/PLANA_0000546,bipolar neuron,"A type of interneuron that has two neurites, usually an axon and a dendrite, extending from opposite poles of an ovoid cell body."
http://purl.obolibrary.org/obo/PLANA_0000063,extraembryonic structure,"A multicellular anatomical structure that is associated with an embryo and derived from the zygote from which it develops, but which does not contribute to the embryo proper or to structures that are part of the same organism after embryogenesis."
http://purl.obolibrary.org/obo/PLANA_0007555,pax3/7+ neural progenitor cell,"piwi-1+, pax3/7+ progenitor neoblasts implicated in the production of DBH+ ventral midline neurons."
http://purl.obolibrary.org/obo/PLANA_0000525,organelle,"Organized structure of distinctive morphology and function. Includes the nucleus, mitochondria, plastids, vacuoles, vesicles, ribosomes and the cytoskeleton, and prokaryotic structures such as anammoxosomes and pirellulosomes. Excludes the plasma membrane."
http://purl.obolibrary.org/obo/PLANA_0000042,anterior primary gut branch,"The single, central gut branch of the triclad gut anterior to the definitive pharynx."
http://purl.obolibrary.org/obo/PLANA_0007534,inner pharyngeal epithelium,Heavily ciliated epidermal cells covering the inner surface of the pharynx shaft.
http://purl.obolibrary.org/obo/PLANA_0000504,microvillus,Thin cylindrical membrane-covered projections on the surface of an animal cell containing a core bundle of actin filaments.
http://purl.obolibrary.org/obo/PLANA_0000021,biotype,Organisms sharing a specified genotype or karyotype.
http://purl.obolibrary.org/obo/PLANA_0000419,prepharyngeal region,Region of the juvenile or adult animal between the posterior end of the cephalic ganglia and the anterior end of the definitive pharynx.
http://purl.obolibrary.org/obo/PLANA_0007513,endoplasmic reticulum,"Network of interconnected, flattened, and/or tubular membrane, known as cisternae. This membrane is contiguous with the outer nuclear membrane. The endoplasmic reticulum is involved in both protein and lipid synthesis."
http://purl.obolibrary.org/obo/PLANA_0000562,central nervous system neuron,Any neuron that is part of a central nervous system.
http://purl.obolibrary.org/obo/PLANA_0000477,pharyngeal radial muscle fiber,"Pharynx muscle fibers that run radially, connecting the outer muscle fibers and epithelia with their inner counterparts."
http://purl.obolibrary.org/obo/PLANA_0000541,nerve,"An enclosed, cable-like bundle of axons in the peripheral nervous system originating in a nerve root in the central nervous system (or a condensed nervous structure) connecting with peripheral structures."
http://purl.obolibrary.org/obo/PLANA_0004516,temporary embryonic pharynx lumen epithelial surface,The epithelial cell surface lining the temporary embryonic pharynx lumen.
http://purl.obolibrary.org/obo/PLANA_0007550,serotonergic neural progenitor cell,"piwi-1+, lhx1/5-1+, pitx+ progenitor neoblasts required for specification of tph+ serotonergic neurons."
http://purl.obolibrary.org/obo/PLANA_0000520,membrane,A lipid bilayer along with all the proteins and protein complexes embedded in it an attached to it.
http://purl.obolibrary.org/obo/PLANA_0000493,nervous system commissure,"Axon tract that crosses the midline of the central nervous system[NIF, modified]. In the context of Drosophila refers to a broad band of axons connecting equivalent neuropils each side of the brain[FBbt]."
http://purl.obolibrary.org/obo/PLANA_0000414,pharyngeal pouch surface,The surface of the parapharyngeal pouch facing the pharynx.
http://purl.obolibrary.org/obo/PLANA_0004532,oviduct epithelium,Ciliated epithelium lining the oviduct.
http://purl.obolibrary.org/obo/PLANA_0000472,outer pharyngeal epithelium,"Heavily ciliated epidermal cells covering the outer surface of the pharynx shaft. These are ""insunk"" epidermal cells in which the nuclei reside behind the layers of longitudinal and circumferential muscles and the epithelial cell body sends out a ciliated projection to the surface to cover and encase the shaft."
http://purl.obolibrary.org/obo/PLANA_0000430,epithelial cell component,A part of an epithelial cell.
http://purl.obolibrary.org/obo/PLANA_0000239,oogonial cell,An undifferentiated germ cell that proliferates rapidly and gives rise to oocytes.
http://purl.obolibrary.org/obo/PLANA_0000218,male primordial germ cell,Neoblasts coexpressing piwi-1 and nanos that are required for male and female gonad formation. Primordial germ cells are present in both asexual and sexual adults.
http://purl.obolibrary.org/obo/PLANA_0000234,seminal vesicle,Glandular pouches adjoining the sperm ducts which produce seminal fluid.
http://purl.obolibrary.org/obo/PLANA_0000128,sperm duct epithelial cell,Ciliated epithelial cells comprising the sperm ducts.
http://purl.obolibrary.org/obo/PLANA_0000107,yolk cell,"An extraembryonic cell, produced by somatic vitellogenic glands in adult hermaphrodites, that provides nutrition to the developing embryo."
http://purl.obolibrary.org/obo/PLANA_0000059,embryonic gut cell,"Dispersed, phagocytic gut cells that appear during Stage 4 and ultimately generate a honeycomb-like lattice surrounding the central gut cavity in Stage 5 embryos. Early embryonic gut cell specific transcripts are expressed from Stage 4-6, and are downregulated during Stage 7."
http://purl.obolibrary.org/obo/PLANA_0000123,embryonic cell,A cell of the embryo.
http://purl.obolibrary.org/obo/PLANA_0000102,anatomical compartment subdivision,A subdivision of an anatomical compartment.
http://purl.obolibrary.org/obo/PLANA_0000096,ventral epidermis,"Single cell layer of ventral, post-mitotic, heavily ciliated epithelial cells"
http://purl.obolibrary.org/obo/PLANA_0000017,photoreceptor neuron,Bipolar photoreceptor neurons with dendritic projections into the optic cup and axons that innervate the underlying brain.
http://purl.obolibrary.org/obo/PLANA_0007509,plasma membrane,The membrane surrounding a cell that separates the cell from its external environment. It consists of a phospholipid bilayer and associated proteins.
http://purl.obolibrary.org/obo/PLANA_0000558,sympathetic neuron,Sympathetic neurons are part of the sympathetic nervous system and are primarily adrenergic producing the neurotransmitter noradrenalin along with other neuropeptides.
http://purl.obolibrary.org/obo/PLANA_0000075,optic cup,A portion of the eye containing pigment cells and dendritic projections from photoreceptor neurons.
http://purl.obolibrary.org/obo/PLANA_0000537,ribosome,"An intracellular organelle, about 200 A in diameter, consisting of RNA and protein. It is the site of protein biosynthesis resulting from translation of messenger RNA (mRNA). It consists of two subunits, one large and one small, each containing only protein and RNA. Both the ribosome and its subunits are characterized by their sedimentation coefficients, expressed in Svedberg units (symbol: S). Hence, the prokaryotic ribosome (70S) comprises a large (50S) subunit and a small (30S) subunit, while the eukaryotic ribosome (80S) comprises a large (60S) subunit and a small (40S) subunit. Two sites on the ribosomal large subunit are involved in translation, namely the aminoacyl site (A site) and peptidyl site (P site). Ribosomes from prokaryotes, eukaryotes, mitochondria, and chloroplasts have characteristically distinct ribosomal proteins."
http://purl.obolibrary.org/obo/PLANA_0000054,dorsal epidermis,"Single cell layer of dorsal, post-mitotic, epithelial cells containing the dorsal stripe."
http://purl.obolibrary.org/obo/PLANA_0007546,TrpA+ neural progenitor cell,"piwi-1+, runt-1+, ap2+ progenitor neoblasts required for production of TrpA+ neurons."
http://purl.obolibrary.org/obo/PLANA_0000516,cytoskeleton organization,"A process that is carried out at the cellular level which results in the assembly, arrangement of constituent parts, or disassembly of cytoskeletal structures."
http://purl.obolibrary.org/obo/PLANA_0000033,epidermal progenitor,"Mitotically active zeta neoblasts and their post-mitotic descendants which undergo progressive differentiation and outward directed movement through the mesenchyme prior to incorporation into the epidermis, where terminal differentiation occurs."
http://purl.obolibrary.org/obo/PLANA_0007525,posterior pole,Distinct posterior cluster of muscle cells located at the midline which express wnt1.
http://purl.obolibrary.org/obo/PLANA_0000091,sphere formation,Generation of a multilayered spherical embryo comprised of temporary extraembryonic tissues and undifferentiated blastomeres.
http://purl.obolibrary.org/obo/PLANA_0000489,obsolete anatomical line,"OBSOLETE Non-material anatomical entity of one dimension, which forms a boundary of an anatomical surface or is a modulation of an anatomical surface."
http://purl.obolibrary.org/obo/PLANA_0000012,neural progenitor,Neoblasts and their differentiating daughters implicated in maintenance and regeneration of different tissues in the nervous system.
http://purl.obolibrary.org/obo/PLANA_0007504,dorsal compartment,"Three dimensional compartment along the dorsoventral axis that is above the anteroposterior axis,  containing the eyes."
http://purl.obolibrary.org/obo/PLANA_0000553,motor neuron,An efferent neuron that passes from the central nervous system or a ganglion toward or to a muscle and conducts an impulse that causes or inhibits movement.
http://purl.obolibrary.org/obo/PLANA_0004528,pharyngeal epithelium,Epithelia associated with the pharynx organ.
http://purl.obolibrary.org/obo/PLANA_0000070,intestinal phagocyte,Absorptive digestive cells that engulf food particles for intracellular digestion.
http://purl.obolibrary.org/obo/PLANA_0000468,gastrodermal plexus,A thin net of single nerve fibers located around the gut.
http://purl.obolibrary.org/obo/PLANA_0000532,nuclear part,"Any constituent part of the nucleus, a membrane-bounded organelle of eukaryotic cells in which chromosomes are housed and replicated."
http://purl.obolibrary.org/obo/PLANA_0004507,ovarian somatic gonadal cell,"ophis+ somatic cells (gh4-, nanos-) in the ovary that may provide trophic support to female germline stem cells and differentiating oogonia."
http://purl.obolibrary.org/obo/PLANA_0007541,releasing gland cell,Specialized insunk epithelial cell that is part of the adhesion gland which is responsible for production of releasing substance.
http://purl.obolibrary.org/obo/PLANA_0000511,acidophilic cytoplasm,Cytoplasm that exhibits molecular interaction for acidic dyes under specific pH conditions.
http://purl.obolibrary.org/obo/PLANA_0000426,obsolete acellular anatomical structure,OBSOLETE Anatomical structure that consists of cell parts and cell substances and together does not constitute a cell or a tissue.
http://purl.obolibrary.org/obo/PLANA_0000484,secretory system,Anatomical system that has as its parts cells and glands devoted to the discharge of substances such as mucus.
http://purl.obolibrary.org/obo/PLANA_0000405,lumen of digestive tract,An anatomical space that is surrounded by a digestive tract.
http://purl.obolibrary.org/obo/PLANA_0000463,cholinergic neuron,Neurons that express choline acetyltransferase.
http://purl.obolibrary.org/obo/PLANA_0000421,tail,"Caudal region, beginning at the mouth and ending at posterior pole."
http://purl.obolibrary.org/obo/PLANA_0000400,obsolete anatomical entity,OBSOLETE Biological entity that is either an individual member of a biological species or constitutes the structural organization of an individual member of a biological species.
http://purl.obolibrary.org/obo/PLANA_0000209,obsolete developing anatomical structure,OBSOLETE Anatomical structure that is present during embryonic development.
http://purl.obolibrary.org/obo/PLANA_0000225,oviparity,"A reproductive strategy in which eggs are laid, with most embryonic development occurring outside of the parent."
http://purl.obolibrary.org/obo/PLANA_0000204,ovary,"A gonad containing female germline stem cells which fuel oocyte production. Two ovaries are located ventally, underneath the body wall musculature, immediately posterior to the cephalic ganglia (brain) and adjacent to the ventral nerve cords. The neoblast compartment, including piwi-1+, nanos+ primordial germ cells, fuel formation of the ovaries during juvenile development."
http://purl.obolibrary.org/obo/PLANA_0000119,terminally differentiated cell,"A post-mitotic, terminally differentiated cell type found in planarian embryos, juveniles and/or adult animals."
http://purl.obolibrary.org/obo/PLANA_0000241,pharyngeal longitudinal muscle fiber,Pharynx muscle fibers running anteroposterior (proximal to distal).
http://purl.obolibrary.org/obo/PLANA_0000220,spermatogonium,"An euploid male germ cell of an early stage of spermatogenesis. In planaria, the gh4+ stem cell daughter exiting the niche undergoes three rounds of transit amplifying division with incomplete cytokinesis prior to transitioning to terminal differentiation."
http://purl.obolibrary.org/obo/PLANA_0000135,female primordial germ cell,Definition forthcoming
http://purl.obolibrary.org/obo/PLANA_0000114,anatomical system,"Multicellular, connected anatomical structure that has multiple organs as parts and whose parts work together to achieve some shared function."
http://purl.obolibrary.org/obo/PLANA_0000029,primitive ectoderm,"A single cell layer of extraembryonic, post-mitotic ectodermal cells bounding the embryo. The primitive ectoderm forms during Stage 2 and is thought to degenerate as the definitive epidermis forms during Stages 5-7."
http://purl.obolibrary.org/obo/PLANA_0000087,proximal tubule,"Ciliated epithelial cells form tubules, generating coiled, branching units terminating in flame bulbs. Tubules are formed via intercellular junctions between two epithelial cells. Proximal tubules are connected to non-ciliated distal tubules within the parenchyma."
http://purl.obolibrary.org/obo/PLANA_0000008,Stage 8,D13-D15. Organogenesis and organ maturation continues. Hatching. Days 13-15 post-egg capsule deposition at 20˚C.
http://purl.obolibrary.org/obo/PLANA_0000549,excitatory motor neuron,A motor neuron that is capable of directly inducing muscle contraction.
http://purl.obolibrary.org/obo/PLANA_0000066,gastrodermis,The single cell layer columnar epithelial lining of the intestine. The gastrodermis is surrounded by a basal lamina and enteric muscle.
http://purl.obolibrary.org/obo/PLANA_0007558,fission plane,"Transverse anatomical plane, located approximately 1-2 mm from the posterior extremity of an adult animal, at which fission occurs."
http://purl.obolibrary.org/obo/PLANA_0000130,circular muscle progenitor cell,"piwi-1+, nkx1-1+ progenitor neoblasts required for specification of circular muscle fibers."
http://purl.obolibrary.org/obo/PLANA_0000528,Golgi apparatus,"A compound membranous cytoplasmic organelle of eukaryotic cells, consisting of flattened, ribosome-free vesicles arranged in a more or less regular stack. The Golgi apparatus differs from the endoplasmic reticulum in often having slightly thicker membranes, appearing in sections as a characteristic shallow semicircle so that the convex side (cis or entry face) abuts the endoplasmic reticulum, secretory vesicles emerging from the concave side (trans or exit face). In vertebrate cells there is usually one such organelle, while in invertebrates and plants, where they are known usually as dictyosomes, there may be several scattered in the cytoplasm. The Golgi apparatus processes proteins produced on the ribosomes of the rough endoplasmic reticulum; such processing includes modification of the core oligosaccharides of glycoproteins, and the sorting and packaging of proteins for transport to a variety of cellular locations. Three different regions of the Golgi are now recognized both in terms of structure and function: cis, in the vicinity of the cis face, trans, in the vicinity of the trans face, and medial, lying between the cis and trans regions."
http://purl.obolibrary.org/obo/PLANA_0000045,circular muscle fiber,"Body wall muscle fibers arrayed around the dorsoventral axis. Upon regeneration, these are thought to be produced de novo in the blastema."
http://purl.obolibrary.org/obo/PLANA_0007537,brain,"The brain is the center of the nervous system in all vertebrate, and most invertebrate, animals. Some primitive animals such as jellyfish and starfish have a decentralized nervous system without a brain, while sponges lack any nervous system at all. In vertebrates, the brain is located in the head, protected by the skull and close to the primary sensory apparatus of vision, hearing, balance, taste, and smell."
http://purl.obolibrary.org/obo/PLANA_0000507,cell-cell junction,A cell junction that forms a connection between two or more cells in a multicellular organism; excludes direct cytoplasmic junctions such as ring canals.
http://purl.obolibrary.org/obo/PLANA_0000024,Smed asexual biotype,"Obligate asexual animals that reproduce solely through fission followed by whole body regeneration. Asexual Smed are stable diploids that harbor a chromosome translocation, making them karyotypically distinct from sexual Smed."
http://purl.obolibrary.org/obo/PLANA_0007516,nuclear pore,"Any of the numerous similar discrete openings in the nuclear envelope of a eukaryotic cell, where the inner and outer nuclear membranes are joined."
http://purl.obolibrary.org/obo/PLANA_0000565,autonomic neuron,A neruon whose cell body is within an autonomic ganglion.
http://purl.obolibrary.org/obo/PLANA_0000082,racing stripe,Ciliated epidermal cells located along the dorsal midline.
http://purl.obolibrary.org/obo/PLANA_0000003,Stage 3,D2-D4. Dispersed blastomere cleavage in the embryonic wall of nascent spheres. Yolk ingestion into the gut cavity. Days 2-4 post-egg capsule deposition at 20˚C.
http://purl.obolibrary.org/obo/PLANA_0004519,temporary embryonic pharynx neuron,A neuronal cell innervating the temporary embryonic pharynx. Four neurons innervate the radial muscle fibers that ring the oral opening.
http://purl.obolibrary.org/obo/PLANA_0000061,enteric musculature,Visceral muscle surrounding the definitive gut.
http://purl.obolibrary.org/obo/PLANA_0000459,optic chiasma,A decussation of the diencephalon where the fibers of the optic nerve cross
http://purl.obolibrary.org/obo/PLANA_0007553,lateral nerve,A nerve extending laterally from the ventral nerve cord that innervates the submuscular plexus.
http://purl.obolibrary.org/obo/PLANA_0000523,plasma membrane part,"Any constituent part of the plasma membrane, the membrane surrounding a cell that separates the cell from its external environment. It consists of a phospholipid bilayer and associated proteins."
http://purl.obolibrary.org/obo/PLANA_0000040,Schmidtea mediterranea developmental stage,"A stage of embryonic development defined by a unique gene expression signature, morphology and chronological time post-egg capsule deposition for hermaphrodites reared at 20˚C."
http://purl.obolibrary.org/obo/PLANA_0000502,actin-based cell projection,A cell projection supported by an assembly of actin filaments.
http://purl.obolibrary.org/obo/PLANA_0000496,obsolete anatomical boundary,OBSOLETE A non-material anatomical entity of two dimensions. Anatomical boundaries are contiguous structures.
http://purl.obolibrary.org/obo/PLANA_0000417,definitive organism subdivision,"Anatomical structure which is a subdivision of a whole adult or juvenile organism, consisting of components of multiple anatomical systems."
http://purl.obolibrary.org/obo/PLANA_0007511,extracellular organelle,"Organized structure of distinctive morphology and function, occurring outside the cell. Includes, for example, extracellular membrane vesicles (EMVs) and the cellulosomes of anaerobic bacteria and fungi."
http://purl.obolibrary.org/obo/PLANA_0000560,multipolar neuron,Neuron with an axon and two or more dendrites.
http://purl.obolibrary.org/obo/PLANA_0000475,inner pharyngeal longitudinal muscle fiber,"Pharynx muscle fibers running anteroposterior which lie beneath both the inner circular muscle fibers and the apical, ciliated portion of the epithium lining the lumenal surface."
http://purl.obolibrary.org/obo/PLANA_0004514,embryonic gut cell surface,The surface of phagocytic embryonic gut cells in contact with ingested yolk cells.
http://purl.obolibrary.org/obo/PLANA_0000433,cellular component,"The part of a cell, extracellular environment or virus in which a gene product is located. A gene product may be located in one or more parts of a cell and its location may be as specific as a particular macromolecular complex, that is, a stable, persistent association of macromolecules that function together. Source: NIF_Subcellular:sao-1337158144, GOC:go_curators"
http://purl.obolibrary.org/obo/PLANA_0000491,plane of autotomy,"An anatomical plane that bisects a zone of weakness in an appendage. When autotomy occurs, the appendage divides along this plane."
http://purl.obolibrary.org/obo/PLANA_0000412,pharynx lumen epithelial surface,"The epithelial surface lining the interior of the pharynx, facing the lumen."
http://purl.obolibrary.org/obo/PLANA_0004530,oviduct lumen,Anatomical space enclosed by the oviduct epithelium.
http://purl.obolibrary.org/obo/PLANA_0000470,neuropil,A cluster of neurites that is part of a nervous system and forms a network of dendrites and axons where synapses are present and in which neuronal somata do not occur.
http://purl.obolibrary.org/obo/PLANA_0000237,round spermatid,"A cyst of 8 interconnected spermatocytes undergoes meiosis, producing 32 haploid round spermatids. Round spermatids express protein kinase A, and  undergo morphogenesis to produce mature sperm."
http://purl.obolibrary.org/obo/PLANA_0000216,egg capsule,"A proteinaceous, semi-permeable shell housing yolk cells and one or more embryos.  Egg capsules are anchored to a substrate via a stalk."
http://purl.obolibrary.org/obo/PLANA_0000232,copulatory apparatus,"Accessory reproductive structures involved in copulation, egg capsule development and laying."
http://purl.obolibrary.org/obo/PLANA_0000211,primitive ectoderm cell,"Primitive ectoderm cells differentiate from the blastomere population, exit the cell cycle and interact to boud the embryo during Stage 2."
http://purl.obolibrary.org/obo/PLANA_0000126,reproductive system,Anatomical system that has as its parts the organs concerned with reproduction.
http://purl.obolibrary.org/obo/PLANA_0000099,neuron,"The basic cellular unit of nervous tissue. Each neuron consists of a body, an axon, and dendrites. Their purpose is to receive, conduct, and transmit impulses in the nervous system."
http://purl.obolibrary.org/obo/PLANA_0000105,secretory cell,A cell that specializes in controlled release of one or more substances.
http://purl.obolibrary.org/obo/PLANA_0000078,outer longitudinal muscle fiber,Outer most body wall muscle fibers arrayed along the anteroposterior axis. These fibers are thinner than the inner longitudinal muscle fibers.
http://purl.obolibrary.org/obo/PLANA_0000057,embryonic cleavage,The first few specialized divisions of an activated animal egg.
http://purl.obolibrary.org/obo/PLANA_0007549,body wall musculature compartment,An anatomical compartment of the deep-superficial axis containing the body wall musculature and underlying submuscular nerve plexus.
http://purl.obolibrary.org/obo/PLANA_0000121,stem cell,A relatively undifferentiated cell that retains the ability to divide and proliferate throughout life to provide progenitor cells that can differentiate into specialized cells.
http://purl.obolibrary.org/obo/PLANA_0000519,intracellular non-membrane-bounded organelle,"Organized structure of distinctive morphology and function, not bounded by a lipid bilayer membrane and occurring within the cell. Includes ribosomes, the cytoskeleton and chromosomes"
http://purl.obolibrary.org/obo/PLANA_0000036,eye,An organ that detects light.
http://purl.obolibrary.org/obo/PLANA_0007528,glial cell,"A non-neuronal cell of the nervous system. They not only provide physical support, but also respond to injury, regulate the ionic and chemical composition of the extracellular milieu, guide neuronal migration during development, and exchange metabolites with neurons."
http://purl.obolibrary.org/obo/PLANA_0000100,epithelial cell,A cell that is usually found in a two-dimensional sheet with a free surface. The cell has a cytoskeleton that allows for tight cell to cell contact and for cell polarity where the apical part is directed towards the lumen and the basal part to the basal lamina.
http://purl.obolibrary.org/obo/PLANA_0000094,tissue morphogenesis,The process in which the anatomical structures of a tissue are generated and organized.
http://purl.obolibrary.org/obo/PLANA_0000015,non ciliated epithelial cell,An epithelial cell lacking cilia.
http://purl.obolibrary.org/obo/PLANA_0007507,posterior compartment,"Three dimensional compartment along the anteroposterior axis that is closer to the tail rather than the head, from the anterior boundary of the pharyngeal pouch to the tip of the tail."
http://purl.obolibrary.org/obo/PLANA_0000556,neurosecretory neuron,"Neuronal cells which synthesize, store and release neurohormones."
http://purl.obolibrary.org/obo/PLANA_0000535,heterochromatin,A compact and highly condensed form of chromatin.
http://purl.obolibrary.org/obo/PLANA_0000052,dispersed cleavage,"A derived form of early embryonic cleavage present in ectolecithal embryos. Blastomeres divide asynchronously within a yolk syncytium, and division progeny do not remain in direct contact with one another."
http://purl.obolibrary.org/obo/PLANA_0007544,cintillo+ sensory neuron,A subset of sensory neurons located along the dorsal head margin.
http://purl.obolibrary.org/obo/PLANA_0000514,cytoplasmic vesicle part,"Any constituent part of cytoplasmic vesicle, a vesicle formed of membrane or protein, found in the cytoplasm of a cell."
http://purl.obolibrary.org/obo/PLANA_0000031,pigment cup cell,"Non-neuronal, pigmented cells arrayed along the proximal side of the optic cup."
http://purl.obolibrary.org/obo/PLANA_0000429,neoblast compartment,"A heterogeneous population of pluripotent, somatic adult stem cells and lineage primed progenitors that are required for maintenance and regeneration of all cell types in planaria, including the germline."
http://purl.obolibrary.org/obo/PLANA_0000487,acidophilic gland cell,"One of two distinct histochemical classes of gland cells, these can be found throughout the body but primarily form clusters of subepidermal marginal adhesive glands along the dorsalventral border of the animal."
http://purl.obolibrary.org/obo/PLANA_0007502,coronal plane,Anatomial plane which divides the body into ventral and dorsal regions. This plane always includes the midline and is also known as the frontal plane.
http://purl.obolibrary.org/obo/PLANA_0000466,subepidermal nerve plexus,Plexus of nerves located just between the definitive epidermis and the body wall musculature.
http://purl.obolibrary.org/obo/PLANA_0007560,gastrovascular compartment,"The innermost anatomical compartment of the deep-superficial axis, extending from the definitive gut lumen to the gastrodermal nerve plexus."
http://purl.obolibrary.org/obo/PLANA_0000530,secretory vesicle,"A cytoplasmic, membrane bound vesicle that is capable of fusing to the plasma membrane to release its contents into the extracellular space."
http://purl.obolibrary.org/obo/PLANA_0000424,obsolete material anatomical entity,OBSOLETE Anatomical entity that has mass.
http://purl.obolibrary.org/obo/PLANA_0000482,dopaminergic neuron,A neuron that expresses the neurotransmitter dopamine.
http://purl.obolibrary.org/obo/PLANA_0000403,obsolete anatomical space,"OBSOLETE Non-material anatomical entity of three dimensions, that is generated by morphogenetic or other physiologic processes; is surrounded by one or more anatomical structures; contains one or more organism substances or anatomical structures."
http://purl.obolibrary.org/obo/PLANA_0004521,temporary embryonic pharynx epithelial cell,foxA1+ epithelial cell contained in the temporary embryonic pharynx.
http://purl.obolibrary.org/obo/PLANA_0000461,lateral branches,Nerve branches that extend from the lateral side of each cephalic ganglia lobe. Each lobe has nine lateral branches which terminate in sensory organs. Evidence suggests they play a role in chemosensation.
http://purl.obolibrary.org/obo/PLANA_0000228,male germ cell,A male germ cell is a germ cell that supports male gamete production.
http://purl.obolibrary.org/obo/PLANA_0000207,sperm duct,"A network of tubes that transport sperm from the testes to the seminal vesicles. Tubes connect each testis to ducts that run along the ventral nerve cords. The ducts bifurcate immediately posterior to the pharynx, where they connect to the seminal vesicles."
http://purl.obolibrary.org/obo/PLANA_0000223,female germline stem cell,"A piwi-1+, nanos+ cell residing in the ovary that self-renews and give rise to oogonial cells that differentiate into oocytes."
http://purl.obolibrary.org/obo/PLANA_0000138,hyman vesicle,PROG-2-5 positive granules that range in size from 0.5um to 1um present in epithelia and epithelia progenitor cells. These are distinct from rhabdites.
http://purl.obolibrary.org/obo/PLANA_0000117,embryonic structure,Anatomical structure that is part of an embryo.
http://purl.obolibrary.org/obo/PLANA_0000069,inner longitudinal muscle fiber,"Inner most body wall muscle fibers arrayed along the anteroposterior axis. These fibers are thicker than the outer longitudinal muscle fibers. The pattern of these muscles differs along the dorsoventral axis, with the dorsal arrangement converging at the central zone of the anterior pole. The ventral arrangement is more parallel or may diverge slightly as it approaches the ventral pole."
http://purl.obolibrary.org/obo/PLANA_0000133,mechanoreceptor cell,A cell specialized to transduce mechanical stimuli and relay that information centrally in the nervous system.
http://purl.obolibrary.org/obo/PLANA_0000048,diagonal muscle fiber,Body wall muscle fibers arrayed diagonally along the anteroposterior axis.
http://purl.obolibrary.org/obo/PLANA_0000112,Schmidtea mediterranea developmental term,A term used to describe a developmental process during Schmidtea mediterranea embryogenesis.
http://purl.obolibrary.org/obo/PLANA_0000027,Smed sexual biotype,"Cross-fertilizing hemaphrodites that reproduce sexually and do not undergo fission. After mating, each parent lays an egg capsule containing one or more embryos. Sexual Smed are stable diploids."
http://purl.obolibrary.org/obo/PLANA_0000085,primitive gut cell,Four large phagocytic cells associated with the temporary embryonic pharynx.
http://purl.obolibrary.org/obo/PLANA_0000006,Stage 6,D7-D9. Organogenesis and morphogenesis. Definitive organ formation. Temporary embryonic cell types degenerate. Embryo elongation. Days 7-9 post-egg capsule deposition at 20˚C.
http://purl.obolibrary.org/obo/PLANA_0000547,commissural neuron,A neuron that has an axon which crosses the midline.
http://purl.obolibrary.org/obo/PLANA_0000064,flame bulb,Terminal structure of protonephridia unit; consists of flame cells.
http://purl.obolibrary.org/obo/PLANA_0007556,temporary embryonic pharynx cavity,Anatomical space enclosed by the temporary embryonic pharynx epithelial cells. Lumen through which yolk cells are transported into the embryonic gut cavity.
http://purl.obolibrary.org/obo/PLANA_0000526,membrane-bounded organelle,"Organized structure of distinctive morphology and function, bounded by a single or double lipid bilayer membrane. Includes the nucleus, mitochondria, plastids, vacuoles, and vesicles. Excludes the plasma membrane."
http://purl.obolibrary.org/obo/PLANA_0000043,dorsoventral margin,Region along the edge of the animal where the dorsal and ventral surfaces meet.
http://purl.obolibrary.org/obo/PLANA_0007535,pharyngeal circular muscle fiber,Pharynx muscle fibers running parallel to the diameter of the pharynx.
http://purl.obolibrary.org/obo/PLANA_0000505,cell-cell contact zone,Extended zone of intimate apposition between two cells containing one or more types of intercellular junctions.
http://purl.obolibrary.org/obo/PLANA_0000499,cell,A material entity of anatomical origin (part of or deriving from an organism) that has as its parts a maximally connected cell compartment surrounded by a plasma membrane.
http://purl.obolibrary.org/obo/PLANA_0000022,Category 5 cell,"Post-mitotic, ciliated epidermal cells."
http://purl.obolibrary.org/obo/PLANA_0007514,rough endoplasmic reticulum,"Endoplasmic reticululum that is studded with ribosomes, leading to a ""rough"" or ""granular"" appearance."
http://purl.obolibrary.org/obo/PLANA_0000080,peripheral nervous system,"A major division of the nervous system that contains nerves which connect the central nervous system (CNS) with sensory organs, other organs, muscles, blood vessels and glands."
http://purl.obolibrary.org/obo/PLANA_0000478,musculature of pharynx,The total musculature within the pharynx.
http://purl.obolibrary.org/obo/PLANA_0000001,Stage 1,D0-D2. Zygote and dispersed blastomere cleavage in a yolk syncytium. Days 0-2 post-egg capsule deposition at 20˚C.
http://purl.obolibrary.org/obo/PLANA_0004517,blastomere,"An undifferentiated, cycling embryonic cell in Stage 1-5 embryos that expresses piwi-1, numerous adult asexual neoblast enriched genes, and early embryo enriched genes."
http://purl.obolibrary.org/obo/PLANA_0007551,klf+ sensory neuron progenitor cell,"piwi-1+, klf+ progenitor neoblasts required for production of cintillo+ sensory neurons."
http://purl.obolibrary.org/obo/PLANA_0000521,bounding membrane of organelle,Examples include the outer membranes of double membrane bound organelles such as mitochondria as well as the bounding membranes of single-membrane bound organelles such as lysosomes.
http://purl.obolibrary.org/obo/PLANA_0000500,cell part,Anatomical structure that is a direct part of the cell.
http://purl.obolibrary.org/obo/PLANA_0000494,brain commissure,any of the nerve fiber tracts that span the longitudinal fissure between the cerebral and/or cerebellar hemispheres of the brain
http://purl.obolibrary.org/obo/PLANA_0004533,sperm duct epithelium,Ciliated epithelium lining the sperm duct.
http://purl.obolibrary.org/obo/PLANA_0000473,outer pharyngeal circular muscle fiber,Pharynx muscle fibers thar run circumferentially about the pharynx and lie just beneath the outer longitudinal pharynx muscles.
http://purl.obolibrary.org/obo/PLANA_0004512,primitive ectoderm surface,The apical surface of the single layered primitive ectoderm that is in contact with the environment.
http://purl.obolibrary.org/obo/PLANA_0000431,organ,Anatomical structure that performs a specific function or group of functions.
http://purl.obolibrary.org/obo/PLANA_0000219,male germline stem cell,"gh4+, nanos+ cells residing at the testis periphery that self-renew and give rise to differentiating daughters that will ultimately produce haploid sperm."
http://purl.obolibrary.org/obo/PLANA_0000214,juvenile,A sexually immature member of the Schmidtea mediterranea sexuallly reproducing biotype.
http://purl.obolibrary.org/obo/PLANA_0000129,obsolete anatomical structure,OBSOLETE Material anatomical entity that is a single connected structure with inherent 3D shape generated by coordinated expression of the organism's own genome.
http://purl.obolibrary.org/obo/PLANA_0000230,tuba,"A sperm storage organ located immediately posterior to the ovary, at the anterior end of the oviduct. Oocytes exiting the ovary are fertilized in the tuba as they enter the oviduct."
http://purl.obolibrary.org/obo/PLANA_0000124,visual system,The sensory system subserving the sense of vision.
http://purl.obolibrary.org/obo/PLANA_0000039,gamma neoblast,"An abundant neoblast subclass, exhibiting enriched expression of gata456a, hnf4, prox-1 and nkx2.2, implicated in maintenance and regeneration of the definitive gut."
http://purl.obolibrary.org/obo/PLANA_0000103,central nervous system,The central nervous system is the core nervous system that serves an integrating and coordinating function. In vertebrates it consists of the neural tube derivatives: the brain and spinal cord. In invertebrates it includes central ganglia plus nerve cord.
http://purl.obolibrary.org/obo/PLANA_0000097,ventral nerve cord,"The pair of closely united ventral longitudinal nerves with their segmental ganglia that is characteristic of many elongate invertebrates (as earthworms)[BTO]. A large process bundle that runs along the vental mid-line extending from the ventral region of the nerve ring[WB]. The ventral cord is one of the distinguishing traits of the central nervous system of all arthropods (such as insects, crustaceans and arachnids) as well as many other invertebrates, such as the annelid worms[GO]."
http://purl.obolibrary.org/obo/PLANA_0000018,Category 4 cell,"Post-mitotic, mesenchymally and epidermally located progenitors downstream of the Category 3 cells."
http://purl.obolibrary.org/obo/PLANA_0000559,unipolar neuron,Neuron with one neurite that extends from the cell body.
http://purl.obolibrary.org/obo/PLANA_0000076,oral hemisphere,Stage 3-5 embryo hemisphere centered around the temporary embryonic pharynx.
http://purl.obolibrary.org/obo/PLANA_0000538,axon tract,"A group of axons linking two or more neuropils and having a common origin, termination"
http://purl.obolibrary.org/obo/PLANA_0000055,dorsal stripe,Ciliated epithelial cells along the dorsal midline.
http://purl.obolibrary.org/obo/PLANA_0007547,anterior pole progenitor cell,"piwi-1+, foxD+, prep+ progenitor neoblasts required for formation of the anterior pole."
http://purl.obolibrary.org/obo/PLANA_0000034,definitive epidermis,A single cell layer of post-mitotic epithelial cells containing ciliated and non-ciliated cell types forming the exterior surface of the animal.
http://purl.obolibrary.org/obo/PLANA_0000092,syncytial yolk cell,Fused yolk cells surrounding blastomeres undergoing dispersed cleavage during Stages 1 and 2.
http://purl.obolibrary.org/obo/PLANA_0000013,visceral musculature,Musculature surrounding internal organs of the body.
http://purl.obolibrary.org/obo/PLANA_0007505,ventral compartment,Compartment along the dorsoventral axis that is below the anteroposterior axis.
http://purl.obolibrary.org/obo/PLANA_0004529,integumental system,"Connected anatomical system that forms a barrier between an animal and its environment. In vertebrates, the integumental system consists of the epidermis, dermis plus associated glands and adnexa such as hair and scales. In invertebrates, the integumental system may include cuticle."
http://purl.obolibrary.org/obo/PLANA_0000071,longitudinal muscle fiber,"Body wall muscle fibers arrayed along the anteroposterior axis. Upon regeneration, these muscles are thought to be established from truncated pre-existing fibers."
http://purl.obolibrary.org/obo/PLANA_0000533,nucleolus,"A small, dense body one or more of which are present in the nucleus of eukaryotic cells. It is rich in RNA and protein, is not bounded by a limiting membrane, and is not seen during mitosis. Its prime function is the transcription of the nucleolar DNA into 45S ribosomal-precursor RNA, the processing of this RNA into 5.8S, 18S, and 28S components of ribosomal RNA, and the association of these components with 5S RNA and proteins synthesized outside the nucleolus. This association results in the formation of ribonucleoprotein precursors; these pass into the cytoplasm and mature into the 40S and 60S subunits of the ribosome."
http://purl.obolibrary.org/obo/PLANA_0000512,basophilic cytoplasm,Cytoplasm that exhibits molecular interaction for basic dyes under specific pH conditions.
http://purl.obolibrary.org/obo/PLANA_0000427,multicellular anatomical structure,An anatomical structure that has more than one cell as a part.
http://purl.obolibrary.org/obo/PLANA_0000485,gland cell,"Specialized insunk epithelial cells located in the mesenchyme that participate in mucus secretion. They are characterized by elongated cell bodies with long cytoplasmic projections that terminate between, or penetrate directly through  epithelial cells and form a secretory pore at the surface."
http://purl.obolibrary.org/obo/PLANA_0000406,oral opening,The orifice that connects the mouth to the exterior of the body.
http://purl.obolibrary.org/obo/PLANA_0004524,temporary embryonic pharynx circular muscle fiber,Differentiated muscle cell present in a circular muscle fiber of the temporary embryonic pharynx.
http://purl.obolibrary.org/obo/PLANA_0000464,GABAergic neuron,Neurons that express glutamine decarboxylase.
http://purl.obolibrary.org/obo/PLANA_0004503,sexually mature adult,"A fully formed, sexually mature organism. The sexually reproducing Schmidtea mediterranea biotype exists as an obligate cross-fertilizing hermaphrodite."
http://purl.obolibrary.org/obo/PLANA_0000422,tail stripe,Medial region of the tail; the parenchymal space between the posterior primary gut branches.
http://purl.obolibrary.org/obo/PLANA_0000480,outer pharynx nerve plexus,Ring of the pharynx nerve plexus that is proximal to the exterior surface.
http://purl.obolibrary.org/obo/PLANA_0000401,obsolete immaterial anatomical entity,OBSOLETE Anatomical entity that has no mass.
http://purl.obolibrary.org/obo/PLANA_0000226,cross-fertilization,Fertilization of an oocyte by sperm from a different individual. Reciprocal exchange of sperm occurs during Schmidtea mediterranea copulation.
http://purl.obolibrary.org/obo/PLANA_0000205,oviduct,"Ciliated tubes adjacent to the ventral nerve cords, adjoining the tuba and the bursal canal, that transport fertilized oocytes to the genital atrium."
http://purl.obolibrary.org/obo/PLANA_0000242,obsolete anatomical cavity,"OBSOLETE Anatomical space which contains portions of one or more body substances and is bounded by the internal surface of one maximally connected anatomical structure. Examples: cranial cavity, pharyngeal recess space, nasal cavity, tooth socket, cavity of serous sac, lumen of stomach, lumen of artery, fornix of vagina."
http://purl.obolibrary.org/obo/PLANA_0000221,spermatocyte,A tektin-1+ male germ cell that develops from spermatogonia. The euploid primary spermatocytes undergo meiosis and give rise to the haploid secondary spermatocytes which in turn give rise to spermatids.
http://purl.obolibrary.org/obo/PLANA_0000136,whole organism,Anatomical structure that is an individual member of of Schmidtea mediterranea or any other flatworm of the class Turbellaria.
http://purl.obolibrary.org/obo/PLANA_0000115,distal tubule epithelial cell,Nonciliated epithelial cells that assemble into protonephridial proximal tubules.
http://purl.obolibrary.org/obo/PLANA_0000088,renal system,"The renal system is an anatomical system that maintains fluid balance and contributes to electrolyte balance, acid/base balance, and disposal of nitrogenous waste products."
http://purl.obolibrary.org/obo/PLANA_0000009,sigma neoblast,A heterogeneous subpopulation of neoblasts with enriched expression of SoxP-1 and SoxP-2 thought to contain both pluripotent stem cells and tissue-specific progenitors.
http://purl.obolibrary.org/obo/PLANA_0000067,goblet cell,Secretory cells that release digestive enzymes into the lumen of the intestine.
http://purl.obolibrary.org/obo/PLANA_0007559,ovary nerve plexus,Nerve plexus surrounding the ovary.
http://purl.obolibrary.org/obo/PLANA_0000131,primordium,Primordia are populations of contiguous cells that are morphologically distinct and already correspond in extent to a later organ/tissue.
http://purl.obolibrary.org/obo/PLANA_0000529,nucleus,"A membrane-bounded organelle of eukaryotic cells in which chromosomes are housed and replicated. In most cells, the nucleus contains all of the cell's chromosomes except the organellar chromosomes, and is the site of RNA synthesis and processing. In some species, or in specialized cell types, RNA metabolism or DNA replication may be absent."
http://purl.obolibrary.org/obo/PLANA_0000046,clonogenic neoblast,"Pluripotent piwi-1+ stem cells that self-renew, form expanding colonies and produce differentiating daughters that contribute to multiple organ systems. cNeoblasts are predicted to be broadly distributed across the anteroposterior axis of the adult worm."
http://purl.obolibrary.org/obo/PLANA_0007538,adhesion gland,"Specialized epithelial cells located along the dorsoventral margin. Adhesion glands are comprised of three cell types, the viscid and releasing gland cells which penetrate through an epithelial anchor cell and terminate at the epithelial surface."
http://purl.obolibrary.org/obo/PLANA_0000110,definitive pharynx progenitor,"foxA1+ neoblasts and their post-mitotic, differentiating daughters required for maintenance and regeneration of the definitive pharynx."
http://purl.obolibrary.org/obo/PLANA_0000508,cell-cell adhesion,The attachment of one cell to another cell via adhesion molecules.
http://purl.obolibrary.org/obo/PLANA_0000025,nervous system,"The nervous system is an organ system containing predominantly neuron and glial cells. In bilaterally symmetrical organisms, it is arranged in a network of tree-like structures connected to a central body. The main functions of the nervous system are to regulate and control body functions, and to receive sensory input, process this information, and generate behavior [CUMBO]."
http://purl.obolibrary.org/obo/PLANA_0000566,enteric neuron,Neuron that is part of the enteric nervous system.
http://purl.obolibrary.org/obo/PLANA_0000004,Stage 4,D3-D5. Dispersed blastomere cleavage in the embryonic wall. Yolk ingestion into the gut cavity. Early embryonic gut formation. Days 3-5 post-egg capsule deposition at 20˚C.
http://purl.obolibrary.org/obo/PLANA_0000545,afferent neuron,A neuron which conveys sensory information centrally from the periphery.
http://purl.obolibrary.org/obo/PLANA_0000062,esophagus,Attachment between the triclad gut and the proximal end of the definitive pharynx.
http://purl.obolibrary.org/obo/PLANA_0007554,parenchymal compartment,An anatomical compartment of the deep-superficial axis between the gastrodermal nerve plexus and submuscular nerve plexus.
http://purl.obolibrary.org/obo/PLANA_0000524,organelle membrane,A membrane that is one of the two lipid bilayers of an organelle envelope or the outermost membrane of single membrane bound organelle.
http://purl.obolibrary.org/obo/PLANA_0000041,aboral hemisphere,Stage 3-5 embryo hemisphere centered around the pole opposite the temporary embryonic pharynx.
http://purl.obolibrary.org/obo/PLANA_0000503,cilium,"A specialized eukaryotic organelle that consists of a filiform extrusion of the cell surface and of some cytoplasmic parts. Each cilium is largely bounded by an extrusion of the cytoplasmic (plasma) membrane, and contains a regular longitudinal array of microtubules, anchored to a basal body."
http://purl.obolibrary.org/obo/PLANA_0000497,obsolete anatomical junction,OBSOLETE An anatomical structure that connects two structures
http://purl.obolibrary.org/obo/PLANA_0000020,protonephridia,"Excretory organs consisting of flame cells, proximal tubules, and distal tubules connected to a mesenchymal collecting duct."
http://purl.obolibrary.org/obo/PLANA_0000418,head,The head is the anterior-most division of the body [GO]. A three dimensional compartment bounded by the anterior margin or the head and the posterior boundary of the cephalic ganglia (brain).
http://purl.obolibrary.org/obo/PLANA_0007512,mitochondrion,"A spherical to rod shaped organelle that generates the majority of a cell's supply of ATP via cellular respiration. Mitochondria have their own genome and consist of outer and inner membranes, the latter folds inward to form cristae. This folding increases the surface area of the membrane and thus increases the space available to produce ATP. The inner and outer membranes are separated by an intermembrane space, and the inner membrane encloses the matrix."
http://purl.obolibrary.org/obo/PLANA_0000561,neuron associated cell (sensu Nematoda and Protostomia),Cells that are in close proximity to neurons.
http://purl.obolibrary.org/obo/PLANA_0000476,outer pharyngeal longitudinal muscle fiber,"Pharynx muscle fibers running anteroposterior which lie just underneath the apical, cilaited portion of the outer epithelium."
http://purl.obolibrary.org/obo/PLANA_0000540,electrically signaling cell,A cell that initiates an electrical signal and passes that signal to another cell.
http://purl.obolibrary.org/obo/PLANA_0000492,nerve plexus,"Anatomical junction where subdivisions of two or more neural trees interconnect with one another to form a network through which nerve fibers of the constituent nerve trees become regrouped; together with other nerve plexuses, nerves and ganglia, it constitutes the peripheral nervous system. Examples: cervical nerve plexus, brachial nerve plexus, sacral nerve plexus[FMA]."
http://purl.obolibrary.org/obo/PLANA_0000413,pharynx outer epithelial surface,Epithelial surface covering the outside of the pharynx.
http://purl.obolibrary.org/obo/PLANA_0004531,sperm duct lumen,Anatomical space enclosed by the sperm duct epithelium.
http://purl.obolibrary.org/obo/PLANA_0000238,elongate spermatid,Spermatids expressing protein kinase A undergoing morphogenic changes to make mature sperm.
http://purl.obolibrary.org/obo/PLANA_0000217,gonad,Reproductive organ that produces and releases eggs (ovary) or sperm (testis).
http://purl.obolibrary.org/obo/PLANA_0000233,copulatory bursa,"A chamber where egg capsules are formed. One or more zygotes and yolk cells produced by the vitelline glands collect in the copulatory bursa; glands surrounding the copulatory bursa produce the egg capsule shell.
  Nascent egg capsules exit the body by passing through the bursal canal and gonopore. The copulatory bursa is synonymous with the term genital atrium."
http://purl.obolibrary.org/obo/PLANA_0000212,blastomere compartment,"Undifferentiated, zygote-derived cleavage progeny that give rise to temporary embryonic tissues during Stage 2, continue dividing asynchronously in the embryonic wall, and ultimately give rise to neoblasts and adult lineage progenitors beginning in Stage 5."
http://purl.obolibrary.org/obo/PLANA_0000127,oviduct epithelial cell,Ciliated epithelial cells that assemble into the oviduct.
http://purl.obolibrary.org/obo/PLANA_0000106,ciliated epithelial cell,An epithelial cell that has cilia.
http://purl.obolibrary.org/obo/PLANA_0000079,parenchymal musculature,Dorsal-ventral muscle fibers present through the mesenchyme.
http://purl.obolibrary.org/obo/PLANA_0000058,embryonic digestive system,"A cryptic digestive system in Stage 3-6 embryos comprised of temporary embryonic cell types and organs, including the temporary embryonic pharynx and primitive gut cells. Embryonic gut cells, likely produced from blastomeres, form a phagocytic tissue layer surrounding the inner gut cavity during Stages 4-6. It is not known whether the embryonic gut is temporary embryonic tissue or a definitive tissue. For convenience, the embryonic gut is currently designated as an extraembryonic structure because cell type specific markers for the embryonic gut do not stain the definitive gut in hatchlings or adult animals."
http://purl.obolibrary.org/obo/PLANA_0000122,gamete,A mature sexual reproductive cell having a single set of unpaired chromosomes.
http://purl.obolibrary.org/obo/PLANA_0000037,definitive tissue,Adult tissues built during organogenesis that are present in juveniles at birth.
http://purl.obolibrary.org/obo/PLANA_0007529,ganglion,A biological tissue mass of nerve cell bodies.
http://purl.obolibrary.org/obo/PLANA_0000101,muscle cell,"A mature contractile cell, commonly known as a myocyte. This cell has as part of its cytoplasm myofibrils organized in various patterns."
http://purl.obolibrary.org/obo/PLANA_0000095,trail cell,Ovo+ neoblasts and post-mitotic eye progenitors that simultaneously migrate and differentiate into photoreceptor neurons and non-neuronal pigment cup cells comprising the optic cup.
http://purl.obolibrary.org/obo/PLANA_0000016,definitive pharynx,"A plicate and protrusible organ that is the sole point of entry and exit for the Triclad gut. It contains epithelial, muscular, secretory and neuronal cell types."
http://purl.obolibrary.org/obo/PLANA_0007508,extracellular component,Anatomical structures that exist outside of cells; non-cellular.
http://purl.obolibrary.org/obo/PLANA_0000074,oocyte,A female germ cell that has entered meiosis.
http://purl.obolibrary.org/obo/PLANA_0000536,euchromatin,A dispersed and relatively uncompacted form of chromatin.
http://purl.obolibrary.org/obo/PLANA_0000053,distal tubule,"Sinusoidal, non-ciliated tubules connected to proximal tubules within the parenchyma. Tubules are formed via intercellular junctions between two epithelial cells."
http://purl.obolibrary.org/obo/PLANA_0007545,epidermal compartment,"The outermost region of the deep-superficial axis. This anatomical compartment contains definitive epidermis, basal lamina and subepidermal nerve plexus."
http://purl.obolibrary.org/obo/PLANA_0000515,vacuole,"A closed structure, found only in eukaryotic cells, that is completely surrounded by unit membrane and contains liquid material. Cells contain one or several vacuoles, that may have different functions from each other. Vacuoles have a diverse array of functions. They can act as a storage organelle for nutrients or waste products, as a degradative compartment, as a cost-effective way of increasing cell size, and as a homeostatic regulator controlling both turgor pressure and pH of the cytosol."
http://purl.obolibrary.org/obo/PLANA_0007524,anterior pole,"Distinct anterior cluster of muscle cells located at the midline which express notum, follistatin, zic-1, and foxD."
http://purl.obolibrary.org/obo/PLANA_0000090,sperm,A mature male germ cell that develops from a spermatid.
http://purl.obolibrary.org/obo/PLANA_0000488,basophilic gland cell,"One of two distinct histochemical classes of gland cells, these are found near the ventral mesenchyme, the pharynx and in the dorsal region of the head. May also be called cyanophilic gland cells."
http://purl.obolibrary.org/obo/PLANA_0000011,protonephridial progenitor,"Neoblasts and post-mitotic, differentiating daughters coexpressing POU2-3, six1/2-2, Sal1, Eya and Osr,  required for maintenance and regeneration of protonephridial cell types."
http://purl.obolibrary.org/obo/PLANA_0004527,copulatory region,"Portion of the sexual biotype body plan immediately posterior to the parapharyngeal region, and immediately anterior to the tail. Encompasses the copulatory apparatus."
http://purl.obolibrary.org/obo/PLANA_0000552,sensory neuron,Any neuron having a sensory function; an afferent neuron conveying sensory impulses.
http://purl.obolibrary.org/obo/PLANA_0000467,submuscular nerve plexus,Plexus of nerves that innervate the body wall muscles.
http://purl.obolibrary.org/obo/PLANA_0004506,testis somatic gonadal cell,"dmd-1+ expressing somatic cells within the testis that promote male GSC maintenance. dmd-1+, ophis-1+ somatic gonadal cells ensheath germ cells via long cytoplasmic processes and promote differentiation."
http://purl.obolibrary.org/obo/PLANA_0000531,non-membrane-bounded organelle,"Organized structure of distinctive morphology and function, not bounded by a lipid bilayer membrane. Includes ribosomes, the cytoskeleton and chromosomes."
http://purl.obolibrary.org/obo/PLANA_0007540,viscid gland cell,A specialized insunk epithelial cell that is part of the adhesion glands which is responsible for production and excretion of the viscid substance allowing adherence to a substrate.
http://purl.obolibrary.org/obo/PLANA_0000510,cytoplasm,"All of the contents of a cell excluding the plasma membrane and nucleus, but including other subcellular structures"
http://purl.obolibrary.org/obo/PLANA_0000425,definitive anatomical structure,Anatomical structure present in juvenile and adult planaria.
http://purl.obolibrary.org/obo/PLANA_0000483,octopaminergic neuron,Neurons that express the biogenic amine octopamine.
http://purl.obolibrary.org/obo/PLANA_0001005,basal lamina of epithelium,Acellular anatomical structure that consists of a thin sheet of fibrous proteins that underlie and support the cells of an epithelium. It separates the cells of an epithelium from any underlying tissue.
http://purl.obolibrary.org/obo/PLANA_0000404,cavity of pharynx,A anatomical space that is enclosed by a pharynx.
http://purl.obolibrary.org/obo/PLANA_0000462,sensory cell,A cell that performs a sensory function.
http://purl.obolibrary.org/obo/PLANA_0000420,parapharyngeal region,Region of the animal lateral to and surrounding the definitive pharynx.
http://purl.obolibrary.org/obo/PLANA_0000229,female germ cell,Female germ cell is a germ cell that supports female gamete production.
http://purl.obolibrary.org/obo/PLANA_0000208,testis,"A gonad containing male germline stem cells which fuel sperm production. Testes are located dorsolaterally, and are excluded from the head. The neoblast compartment, including piwi-1+, nanos+ primordial germ cells, fuels formation of testes during juvenile development and regeneration."
http://purl.obolibrary.org/obo/PLANA_0000224,cement gland,Glands surrounding the copulatory bursa that are required for production of the proteinaceous egg capsule shell and stalk.
http://purl.obolibrary.org/obo/PLANA_0000203,gonopore,"The gonopore, a component of the copulatory apparatus, is an opening located on the ventral side of the animal posterior to the definitive pharynx. The gonopore is the sole point of exit and entry for the reproductive system, allowing from reciprocal exchange of sperm during copulation and egg capsule laying."
http://purl.obolibrary.org/obo/PLANA_0000118,collecting duct epithelial cell,Nonciliated epithelial cells that assemble into collecting ducts.
http://purl.obolibrary.org/obo/PLANA_0000240,body wall musculature,Any collection of muscles that is part of a body wall [Automatically generated definition].
http://purl.obolibrary.org/obo/PLANA_0000134,longitudinal muscle progenitor cell,"piwi-1+, myoD+, snail-1+ progenitor neoblasts required for specification and creation of longitudinal muscle fibers."
http://purl.obolibrary.org/obo/PLANA_0000049,digestive system,"Anatomical system that has as its parts the organs devoted to the ingestion, digestion, and assimilation of food and the discharge of residual wastes."
http://purl.obolibrary.org/obo/PLANA_0000113,tissue,"Multicellular anatomical structure that consists of many cells of one or a few types, arranged in an extracellular matrix such that their long-range organisation is at least partly a repetition of their short-range organisation."
http://purl.obolibrary.org/obo/PLANA_0000028,Category 2 cell,"Post-mitotic, mesenchymally located epidermal progenitors downstream of the zeta neoblasts."
http://purl.obolibrary.org/obo/PLANA_0000086,protosphere,Stage 2 embryo undergoing the process of sphere formation.
http://purl.obolibrary.org/obo/PLANA_0000007,Stage 7,D9-D11. Organogenesis and organ maturation continues. Embryos elongated. Eyes just visible. Onset of gliding motility. Days 9-11 post-egg capsule deposition at 20˚C.
http://purl.obolibrary.org/obo/PLANA_0000548,efferent neuron,A neuron which sends impulses peripherally to activate muscles or secretory cells.
http://purl.obolibrary.org/obo/PLANA_0000065,flame cell,"Terminal structure of the protonephridia unit, capping the proximal tubules. Flame cells are defined by the ‘filtration weir’, which consists of closely apposed strands of cytoplasm surrounding a central cilia bundle, and by numerous microvilli between weir and cilia. Positive for acetyated tubulin."
http://purl.obolibrary.org/obo/PLANA_0007557,testis nerve plexus,Nerve plexus surrounding the testis.
http://purl.obolibrary.org/obo/PLANA_0000527,intracellular membrane-bounded organelle,"Organized structure of distinctive morphology and function, bounded by a single or double lipid bilayer membrane and occurring within the cell. Includes the nucleus, mitochondria, plastids, vacuoles, and vesicles. Excludes the plasma membrane."
http://purl.obolibrary.org/obo/PLANA_0000044,cephalic ganglia,"The planarian brain, consisting of two bilaterally symmetric lobes occupying a ventral position in the head."
http://purl.obolibrary.org/obo/PLANA_0007536,specific_to,feature restricted to
http://purl.obolibrary.org/obo/PLANA_0000506,cell junction,"A cellular component that forms a specialized region of connection between two or more cells or between a cell and the extracellular matrix. At a cell junction, anchoring proteins extend through the plasma membrane to link cytoskeletal proteins in one cell to cytoskeletal proteins in neighboring cells or to proteins in the extracellular matrix."
http://purl.obolibrary.org/obo/PLANA_0000023,temporary embryonic pharynx,"An innervated, muscular pump that ingests yolk cells into the gut cavity. The temporary embryonic pharynx is an extraembryonic tissue that forms during Stage 2, functions during Stages 3-5, and degenerates during Stages 6-7."
http://purl.obolibrary.org/obo/PLANA_0007515,smooth endoplasmic reticulum,"Endoplamic reticulum that does not contain ribosomes, which synthesizes lipids, phospholipids, and steroids."
http://purl.obolibrary.org/obo/PLANA_0000564,peripheral nervous system neuron,Any neuron that is part of a peripheral nervous system.
http://purl.obolibrary.org/obo/PLANA_0000081,pharyngeal pouch,"An epithelial structure housing the definitive pharynx, connected to the esophagus and mouth."
http://purl.obolibrary.org/obo/PLANA_0000479,inner pharynx nerve plexus,Ring of the pharynx nerve plexus that is proximal to the lumen.
http://purl.obolibrary.org/obo/PLANA_0000002,Stage 2,D2-D3. Sphere formation. A fraction of the blastomeres differentiate into temporary embryonic tissues that provide form and function to the embryo. Undifferentiated blastomeres remain in the embryonic wall. Days 2-3 post-egg capsule deposition at 20˚C.
http://purl.obolibrary.org/obo/PLANA_0000543,neuron projection bundle,"A fasciculated bundle of neuron projections (GO:0043005), largely or completely lacking synapses."
http://purl.obolibrary.org/obo/PLANA_0004518,extraembryonic cell,"Post-mitotic, terminally differentiated cells which, give rise to temporary embryonic tissues."
http://purl.obolibrary.org/obo/PLANA_0000060,embryonic wall,The parenchymal space between the gut cavity and the primitive ectoderm containing undifferentiated blastomeres in Stage 3-5 embryos.
http://purl.obolibrary.org/obo/PLANA_0007552,nu neoblast,"A population of piwi-2+, ston-2+, elav-2+, ptprd-9+ and msi-1+ progenitors that give rise to one or more neuronal (pc-2+, synapsin+) lineages."
http://purl.obolibrary.org/obo/PLANA_0000522,membrane part,"Any constituent part of a membrane, a double layer of lipid molecules that encloses all cells, and, in eukaryotes, many organelles; may be a single or double lipid bilayer; also includes associated proteins."
http://purl.obolibrary.org/obo/PLANA_0000501,cell projection,A prolongation or process extending from a cell.
http://purl.obolibrary.org/obo/PLANA_0000495,blastema,A regenerating tissue composed of a proliferative mass of undifferentiated progenitor cells from which new differentiated structures arise
http://purl.obolibrary.org/obo/PLANA_0000416,obsolete organism subdivision,"OBSOLETE Anatomical structure which is a subdivision of a whole organism, consisting of components of multiple anatomical systems, largely surrounded by a contiguous region of integument."
http://purl.obolibrary.org/obo/PLANA_0004534,tuba lumen,Anatomical space enclosed by tuba. Oocyte(s) are fertilized in the tuba lumen by sperm that traveled up the oviduct.
http://purl.obolibrary.org/obo/PLANA_0000474,inner pharyngeal circular muscle fiber,Pharynx muscle fiber that runs circumferentially about the pharynx and lies just beneath the inner logitudinal pharynx muscle fibers.
http://purl.obolibrary.org/obo/PLANA_0004513,primtive gut cell surface,The surface of the primitive gut cells in contact with the embryonic wall.
http://purl.obolibrary.org/obo/PLANA_0000432,obsolete regenerating anatomical structure,OBSOLETE An anatomical structure that is undergoing regeneration.
http://purl.obolibrary.org/obo/PLANA_0000490,obsolete anatomical plane,OBSOLETE A flat anatomical 2D surface that bisects an anatomical structure or an anatomical space.
http://purl.obolibrary.org/obo/PLANA_0000411,lumen gut surface,The surface of the gut lumen in contact with ingested food.
http://purl.obolibrary.org/obo/PLANA_0000215,reproductive system product,"Products of the reproductive system include gametes, zygotes, yolk cells and egg capsules."
http://purl.obolibrary.org/obo/PLANA_0000109,anatomical compartment subdivision feature,"Feature of an organism that is a subdivision of a local region. For example, the anterior pole is a subdivision of the head."
http://purl.obolibrary.org/obo/PLANA_0000231,vitelline gland,"Glands surrounding the oviducts which produce yolk cells. Yolk cells deposited into the oviducts travel to the genital atrium where they are packaged, along with one or more zygotes, into developing egg capsules."
http://purl.obolibrary.org/obo/PLANA_0000125,sensory system,Anatomical system that overlaps the nervous system and is responsible for receiving and processing sensory information.
http://purl.obolibrary.org/obo/PLANA_0000104,rhabdite,"Straight or curved rod-like structures within the epidermal cells, oriented with long axis at right angles to the epidermal surface, that are discharged into mucous secretions."
http://purl.obolibrary.org/obo/PLANA_0000098,zygote,"Diploid cell resulting from the fusion of male and female gametes at fertilization. [ The_Dictionary_of_Cell_and_Molecular_Biology:Third_Edition ]

Diploid cell produced by the fusion of sperm cell nucleus and egg cell."
http://purl.obolibrary.org/obo/PLANA_0000019,muscle progenitor,Progenitor neoblasts implicated in the maintenance and regeneration of muscle fibers.
http://purl.obolibrary.org/obo/PLANA_0000539,electrically responsive cell,A cell whose function is determined by its response to an electric signal.
http://purl.obolibrary.org/obo/PLANA_0000056,ectolecithal embryo,"Turbellarian (freshwater flatworm) embryos that undergo a modified form of cleavage due to separation of oocyte and yolk. Yolk is not contained within oocytes, and is produced by somatic vitellogenic gland cells."
http://purl.obolibrary.org/obo/PLANA_0007548,transverse commissure,"Axon tracts from ganglia that cross the midline, connecting the two ventral nerve cords."
http://purl.obolibrary.org/obo/PLANA_0000120,progenitor cell,A cycling neoblast and/or post-mitotic cell that is primed or irreversibly committed to a tissue-specific differentation program
http://purl.obolibrary.org/obo/PLANA_0000518,intracellular organelle,"Organized structure of distinctive morphology and function, occurring within the cell. Includes the nucleus, mitochondria, plastids, vacuoles, vesicles, ribosomes and the cytoskeleton. Excludes the plasma membrane."
http://purl.obolibrary.org/obo/PLANA_0000035,Category 3 cell,"Post-mitotic, mesenchymally located epidermal progenitors downstream of the Category 2 cells."
http://purl.obolibrary.org/obo/PLANA_0000093,tertiary gut branch,Gut branches originating from and connected to the secondary gut branches.
http://purl.obolibrary.org/obo/PLANA_0000014,zeta neoblast,"An abundant neoblast subclass consisting of p53+, zfp1+ progenitors required for maintenance and regeneration of epidermal cell type(s)."
http://purl.obolibrary.org/obo/PLANA_0007506,anterior compartment,"Compartment along the anteroposterior axis closer to the head rather than the tail, from the head margin to the esophagus."
http://purl.obolibrary.org/obo/PLANA_0000072,mouth,"The sole point of entry and exit for the Triclad planarian flatworm gut. The mouth is connected to the pharyngeal pouch to allow for exit and re-entry of the definitive pharynx on the ventral side of the animal. The mouth contains several cell types, including epithelial cells, muscle, and secretory cells."
http://purl.obolibrary.org/obo/PLANA_0000534,chromatin,"The ordered and organized complex of DNA, protein (histones), and sometimes RNA, that forms the chromosome."
http://purl.obolibrary.org/obo/PLANA_0000051,direct development,Embryonic development producing juvenile animals with body plans and feeding behavior similar to adults. Juveniles grow and mature into adults without undergoing metamorphosis.
http://purl.obolibrary.org/obo/PLANA_0007543,TrpA+ central nervous system neuron,"A subset of TrpA+ neurons, located medially in the cephalic ganglia, whose formation is dependent on function of runt-1 and ap2."
http://purl.obolibrary.org/obo/PLANA_0000513,cytoplasmic part,"Any constituent part of the cytoplasm, all of the contents of a cell excluding the plasma membrane and nucleus, but including other subcellular structures."
http://purl.obolibrary.org/obo/PLANA_0000030,midline,The median line/ plane of bilateral symmetry along the anteroposterior axis.
http://purl.obolibrary.org/obo/PLANA_0000428,musculature system,Total musculature of the planarian body.
http://purl.obolibrary.org/obo/PLANA_0000486,secretory pore,The opening by which the gland cells secrete mucus to the exterior of the animal.
http://purl.obolibrary.org/obo/PLANA_0000407,pharnygeal pouch cavity,Anatomical space between the definitive pharynx and the epithelial cells comprising parapharyngeal pouch.
http://purl.obolibrary.org/obo/PLANA_0000550,interneuron,Most generally any neuron which is not motor or sensory. Interneurons may also refer to neurons whose axons remain within a particular brain region as contrasted with projection neurons which have axons projecting to other brain regions.
http://purl.obolibrary.org/obo/PLANA_0000465,pharynx nerve plexus,Plexus of nerves located in the definitive pharynx comprised of inner and outer wall rings.
http://purl.obolibrary.org/obo/PLANA_0004504,asexual adult,"The asexually reproducing Schmidtea mediterranea biotype exists as a constitutive adult, undergoing successive cycles of fission and whole animal regeneration. Asexual Schmidtea mediterranea contain primordial germ cells, but do not possess a reproductive system."
http://purl.obolibrary.org/obo/PLANA_0000423,embryonic subdivision,"Anatomical structure which is a subdivision of a whole developing/ embryonic organism, consisting of components of multiple anatomical systems."
http://purl.obolibrary.org/obo/PLANA_0000481,serotonergic neuron,Neurons that express the neurotransmitter serotonin.
http://purl.obolibrary.org/obo/PLANA_0000402,obsolete anatomical point,"OBSOLETE Non-material anatomical entity of zero dimension, which forms a boundary of an anatomical line or surface."
http://purl.obolibrary.org/obo/PLANA_0004520,temporary embryonic pharynx radial muscle cell,Differentiated radial muscle cell present in the temporary embryonic pharynx.
http://purl.obolibrary.org/obo/PLANA_0000460,anterior commissure,A bundle of nerve fibers connecting the two cephalic ganglia.
http://purl.obolibrary.org/obo/PLANA_0007521,dextro-sinister axis of the whole animal,"Axis perpendicular to both the anteroposterior and dorsoventral axis that runs from the left side of the animal, through the medial region (center) and out to the right side."
http://purl.obolibrary.org/obo/PLANA_0000141,dorsal region of the whole animal,"Three dimensional compartment along the dorsoventral axis that is above the anteroposterior axis,  containing the eyes."
http://purl.obolibrary.org/obo/PLANA_0007519,anterior-posterior axis of the whole animal,"Axis that runs along the long axis of the animal from anterior (head) to posterior (tail). It is perpendicular to the dorsoventral axis and as such, it splits dorsal and ventral regions of the animal to either side."
http://purl.obolibrary.org/obo/PLANA_0007520,dorsal-ventral axis of the whole animal,"Axis that runs along the short axis of the animal, perpendicular to the anteroposterior axis, running from the dorsal (back) side of the animal to the ventral (belly) side of the animal. This axis splits anterior and posterior regions of the animal to either side."
http://purl.obolibrary.org/obo/PLANA_0000140,anterior region of the whole animal,"Compartment along the anteroposterior axis closer to the head rather than the tail, from the head margin to the esophagus."
http://purl.obolibrary.org/obo/PLANA_0000038,ventral midline,The median line/ plane of bilateral symmetry along the anteroposterior axis on the ventral surface of the animal.
http://purl.obolibrary.org/obo/PLANA_0000409,apical surface of the epidermal compartment,The apical surface of the single layered epidermis that is in contact with the environment.
http://purl.obolibrary.org/obo/PLANA_0000032,dorsal midline,The median line/plane of bilateral symmetry along the anteroposterior axis on the dorsal surface of the animal.
http://purl.obolibrary.org/obo/PLANA_0000410,basal surface of the epidermal compartment,The basal surface of the epidermal epithelium in direct contact with the basal lamina.
http://purl.obolibrary.org/obo/PLANA_0007503,sagittal plane of the whole animal,Anatomical plane which divides the body into right and left parts. This plane passes through the midline.
http://purl.obolibrary.org/obo/PLANA_0007523,proximal-distal axis of the whole animal,"Axis that starts at the distal part of an appendage, closest to the body, and runs to the proximal part of an appendage, farthest from the body."
http://purl.obolibrary.org/obo/PLANA_0000143,ventral compartment of the whole animal,Compartment along the dorsoventral axis that is below the anteroposterior axis.
http://purl.obolibrary.org/obo/PLANA_0000043,dorsal ventral margin,Region along the edge of the animal where the dorsal and ventral surfaces meet.
http://purl.obolibrary.org/obo/PLANA_0004511,oral-aboral axis of the embryo,Axis that runs from the oral pole and to the aboral pole of the spherical embryo (Stage 3 through early Stage 6). The oral pole is centered around the temporary embryonic pharynx; the aboral pole is located opposite the temporary embryonic pharynx.
http://purl.obolibrary.org/obo/PLANA_0007522,medial-lateral axis of the whole animal,"Axis that runs from the center of the body, starting at the anteroposterior axis and out to the lateral (left, right, dorsal or ventral) surface of the animal."
http://purl.obolibrary.org/obo/PLANA_0000142,posterior compartment of the whole animal,"Three dimensional compartment along the anteroposterior axis that is closer to the tail rather than the head, from the anterior boundary of the pharyngeal pouch to the tip of the tail."
http://purl.obolibrary.org/obo/PLANA_0000096,ventral region of the epidermal compartment,"Single cell layer of ventral, post-mitotic, heavily ciliated epithelial cells"
